PC1,PC2,PC3,PC4,PC5,PC6
4.994597705056967,0.386209327504396,-0.21812952920271,0.01025699544869808,-0.6049107340593826,2.152339817698206
7.462524647590712,-0.10444684744380382,0.16431631479303782,2.4469738777684773,-1.4380668503482175,-0.35043666210150554
4.167298267281891,2.0109870099152065,-1.0701893698090155,0.5965212425236182,-0.4649576159148872,1.4853315032788068
4.632452953104739,1.5225933945538288,0.8753090767822652,0.4293175400989002,-0.2216416561079335,1.871815938730829
3.163011601432952,1.2534949163506135,0.20699680931224063,-1.1158859794458893,0.2511436150665433,2.3355829850267313
3.780975629833731,1.478982368558673,-0.19480891586693583,2.981471974926075,-0.15747017540258976,1.0768915924740425
5.5681930849194705,-0.5285989535594194,-0.2643812399741939,0.9039978305424219,-0.91096870431707,-0.3708519442812898
5.819613503227749,0.6681741120208564,-2.9160693739911028,1.032277117466258,3.1088732456589216,-0.8311450220373398
2.8339629359448217,1.3167316047280724,0.24532115892594963,-1.2206162393746338,0.46656016778490494,1.5568793095521538
3.231726701418721,-0.9068497257441428,-0.8658450154611612,-0.012173068939950028,-1.8179464850003184,0.7559407154949218
3.1496880303226646,3.0487064565538984,-1.4869722880746283,-1.4163187310750687,0.2685342528491135,0.46336862021244185
4.144375458984183,-0.04030283240230253,0.6981568252490462,2.2380677827885176,0.02172767852499825,0.6100796114298124
2.907326379239917,-0.13097833141876747,-0.17640614828715978,0.6372804944410424,0.5533370168510516,1.1324846800538206
2.731134789850384,-0.2441744887965761,1.3857842224864063,0.8644795138017837,-0.23180654660414965,1.5538070217473412
2.2061819669028426,0.06164995364759985,-1.8204287841209597,0.9274678040830086,0.14193168150505306,0.9388086680880812
2.254691482954852,0.7655666924154269,0.8449086015285825,-1.0202652771985885,0.2192951351033728,1.645096633355402
2.85519339629647,-0.13256036759962186,-0.1610161708113701,0.6274244516678231,0.5764960007444968,1.0346606134996887
3.819092449999323,0.31566942028706674,-0.5833129461778499,-0.4028432217922193,-1.7010562526855633,-0.28074764202889885
2.2861040398937864,0.514385553952486,0.6413861917798446,1.0768291186377514,-0.9905759980832025,1.1258128462363475
2.2229063362097055,0.3270394690967429,-0.6145707840739826,0.9746851498724592,-0.37643142745426844,0.901213429353209
1.337120981242672,0.8601359757080054,0.7618147693762265,-0.5199850427928007,-0.9439111192991156,1.761218141894691
2.2348356195592762,1.6784727715844028,0.2048265431107199,1.3461748059733896,0.033292873726880265,0.8739868227449286
1.1534401019116194,1.6918379091511924,-0.7954590578347847,-0.2828609857236876,0.5896772051768244,1.4697272447183647
1.8461147468442571,-0.1307376572142865,-0.14483151910231748,1.162651949717354,-0.6311408944902337,1.1772242392508903
2.9090651683533544,1.4972505870042243,-0.31678057547269417,0.6348098577241437,-0.35572895675412436,0.17171084830895614
3.045762575738307,0.43683507243689235,0.7535778894276168,0.534028672556299,0.2634050833044582,0.6653434430041384
2.525745246902354,-1.5530341571435575,-1.5791712197126075,0.0192911746516114,-1.3337202392306067,0.2927952104418251
1.22293500658765,1.8731071579174035,-0.9598781436663485,-0.37376503179011594,0.7282313490625706,1.2055432829812718
3.7759644971008512,0.2462207405772923,0.9645616294938506,0.05079891032486882,1.424396365905418,0.3966461381045279
2.4661109043901095,-0.4403715776430763,0.1915974177177584,0.7257623897097676,0.4694168521987797,0.9564988088457569
3.4831795989186385,0.034787840697918314,-0.2667295901781584,-0.30915490686671243,-1.8078142968544744,-0.3148969511522991
2.5414720325413978,0.34297958173750903,-0.11810385892069708,-1.8826542058080016,-1.8001081470710376,0.41736660791196334
2.3304083913779716,-0.5952180057512851,0.3527244956885536,0.7876384172701124,0.38716118663269095,1.0338294432710047
2.813683151352562,-0.24729990582218211,-0.45438031912120386,2.630212551373494,-0.4698598732764319,0.07316639858514633
2.283025215975162,-0.23507791239253042,0.4730551016766396,-1.3760316894233164,1.7076239950996253,1.282104535701411
3.3103198273995575,-0.09921176199295931,-0.11228357003660303,-0.26706470852304026,-1.8527831875597702,-0.35568632896005303
2.5939111253463247,-0.038961562449977435,-0.9056384001266532,0.3079554138610935,-0.7967893015838666,0.016651197260452052
4.152086495541785,-0.14639166888469296,-0.046723375203000676,-0.8105320476264185,-0.6089127939514744,-0.7234863896573339
2.245177247609412,0.07595832642072761,0.17661688644532836,-1.7888266917474085,-1.9124953850249071,0.4296795631923614
3.2594879344870815,-1.4872275835987774,-0.15155524497181272,-0.41423773463343,-0.6933384994297433,-0.01936395630568729
0.7386338506265976,0.09682830289216075,-1.31010107034654,-0.5961663870831981,0.14014227579884028,1.250513367376138
2.4070628102570324,-1.5071718797972562,-1.5838653855850218,-0.03187119466155751,-1.2342218040569857,-0.03884465934885396
3.1119448314490894,-0.24794458166822247,0.06090668149910285,-0.22169204656031882,-1.8996179546422913,-0.41360988775777036
3.5613089791769785,-0.8809608810346642,0.7032928329779917,-0.5060521200000228,-1.0241754661337883,-0.25369494203375387
3.1584347689171994,-1.509768110310768,-0.10608201516941165,-0.42203345851296176,-0.6668635983040808,-0.1660936450454791
1.8400969307770647,-1.0438276825493393,-1.3179124966442015,0.5378282202708444,-0.6291346716339341,0.25052194739974554
2.6173757072068984,-0.9936517501403863,-0.6297388237738087,-0.08873831638440727,-1.6094894115932732,-0.24673352786500855
2.573195414903679,0.8086269921069227,0.9228423618791195,-1.9486311713696547,-2.136187657268136,-0.03213372881363181
1.4583396186345545,-0.26947530323602215,0.07162605633523308,1.163075252443548,-0.5789512553968265,0.7292318147489345
1.1945821589153947,0.4258158333627564,-1.3543936840495738,1.462866033945471,0.8635083788810217,0.5825646443815973
2.8318285498122058,-0.6564762485794016,-0.9586429145158424,-0.24022095677867703,-1.3920544965758086,-0.5725965298223445
1.7813348535344002,-0.5011456895729586,-0.6577744900660459,-1.7474340676175608,-1.4774560999833792,0.284931071613206
3.0978028695752706,-1.523292426337963,-0.07879807728797082,-0.42671089284068064,-0.6509786576286829,-0.2541314582893539
2.784820489679595,-0.5881497522928482,0.4227592580918257,-0.09173678578954095,-2.0666326031166897,-0.30002523844472856
1.7169868265119672,0.12980005352592838,-0.31912662851618695,0.9846638481326765,-0.3236913156455161,0.3524802955782626
0.8560189659203029,0.5514434531057458,-0.28349352111241194,-0.6380322310408655,-0.24688175529062906,0.9917744481950846
2.309633751917026,1.331942277011678,-1.0484428170665758,-1.5356954589054022,1.4903369482572,-0.00993759179011124
3.5774219038132067,-0.8135177935711816,-0.7787937326863216,-0.739766116734561,-0.20659359420814,-0.885325563526705
3.3429451943363016,-1.1310480341857472,-0.4602458549968901,-0.6038304261613047,-0.39598084505202485,-0.6416414450099022
2.526427858194004,-1.013938224181178,-0.5888129169516475,-0.09575446787598572,-1.585662000580176,-0.3787902477308211
1.6563549271700384,0.1162757374987339,-0.29184269063474605,0.9799864138049575,-0.3078063749701183,0.2644424823343875
0.3088291239086343,2.3070177972380526,-1.316473398042426,-0.06983192886037894,-0.11570992573986394,0.5810249264934872
2.2078928379220875,-0.3492798374228154,0.18836507696324573,0.6194952339741421,0.6776773161034001,0.25408944264274647
3.0055690137082767,-0.2704424333826472,0.847993244860076,-0.019499962950310777,-0.2852197201326249,-0.2666530405666242
1.2096724986382799,2.332289924001062,-1.325107403116698,-0.6431639158012589,1.1687369415954025,0.1684568757502877
2.085260612380654,0.7906267406207027,-0.9496508721188137,0.6770211330164184,0.12706345506480962,-0.38728352158028456
1.0027142345094986,3.329814565277002,-2.325922285169728,-0.520381988103422,0.5233573687496962,-0.3231992350086252
1.8121026638963298,1.6936869356783506,0.30709584668136863,1.2499697821318243,0.24760194054447757,0.01899524909019068
0.2896133851674736,1.0872477492201136,-0.07589320921083945,-0.11029623124378496,0.4264634289777619,1.1226422178659596
3.483876468120365,1.6497255018206372,-0.3392855665876587,-0.07977548429189837,1.2031983861360338,-1.1545791181333351
0.8528921616290623,-1.0037470016581502,-0.5981751846746607,1.266471978784314,-0.22557129518690894,0.6554560984890632
2.563559544074645,-2.1814023403396554,-0.8290577266922522,-0.35282667239701065,-0.2592494183356138,-0.35727875666280834
0.9949538603624382,-1.4777112655777125,-1.0839598039421108,-1.5407268839101909,-1.2676369183436482,0.3931860780155192
1.5834284174358217,-1.0058622618428146,-2.01909886876886,0.2516203105140941,-2.0572125262974295,-0.63599356202495
0.32075511196005746,0.03822502970524977,0.2736961863939173,-0.45062222773631516,-0.47907444718676123,1.0819362004775714
1.387619005826528,-1.469033769983562,-0.1136303552784492,0.902350210799392,0.7681169933989612,0.6118426197253612
1.6487495980426181,-1.002117901291263,-1.2995913665654284,0.4740590272418592,-0.4991979656756125,-0.21317977112987063
1.662347864280189,-0.9830102535371195,-1.3186217032144703,0.46577325372905876,-0.4875594965267366,-0.2288377764262815
0.5404409314664814,1.6218607727061887,0.850318631172872,-0.1710389659373756,0.05198220296543268,0.9470287519994344
1.577358700295372,-1.1024330520005161,-1.1996820991579582,0.517559338184062,-0.5602999287072107,-0.1309752433237127
0.6478494448463464,0.5050099680790443,-0.18981866771946526,-0.6540914222327007,-0.19234345897176333,0.6895112893911136
1.164818522875948,-0.3952262464228384,0.25212557029490323,1.175437165805674,-0.5590557520035199,0.4357980816349757
1.844746505723572,1.7246311671124706,-1.1501514922615406,1.040868081119053,1.0228501890351047,-0.5001255147918369
1.9820792161363903,-1.6743021908540687,-1.3345252433756885,-0.022649819820268764,-1.1912852711745405,-0.49661051497825426
0.5951928579324344,0.5821230704722589,1.186055796654888,-0.5118772610321993,-0.855941036137004,0.9317541710349017
1.919388671999095,-0.5740466696000281,-1.7167210254913012,0.28140366858473354,-0.22237802344481256,-0.6300485177811896
0.7898550532154097,-0.5297793131645437,-1.3052387692689484,-1.177648383710997,-0.3754282287802234,0.31849123943975016
0.19415205801437768,1.1949991706975738,1.2869650681907339,0.005278746026270819,-0.1879170504597851,1.2142255228264784
0.7805772895096139,2.019016480095009,0.4662818002008018,-0.3520452367132535,0.3139919315854853,0.5389740444187525
4.178120977122047,-0.1511768825257949,1.0337147078723181,1.5645884693597294,1.5874991964016398,-1.1876410631643646
0.060849463437149934,-0.36579853186353106,-0.7549480555815081,-0.4675919931787669,0.02319403065458899,0.9522954961609558
0.12126934140516103,2.376142314690988,0.10235366273914456,0.04913979346313321,-0.7230627581143927,0.5787089239702267
1.7275786397878894,-1.9721871705222163,-1.0263335787388594,0.09773892093197362,-1.352624857844847,-0.33510527990198513
1.9177760624745412,2.1557362603958765,1.3309040814703257,1.2013661849527502,-0.1268530671018116,-0.27887586114907775
2.794643372865625,-1.5909140064739358,0.057621612119233126,-0.45009806447927514,-0.5715539542516941,-0.694320524508729
1.8782525996468398,-0.33919817569079863,0.9528899061959152,0.5322768331557961,-1.503682484626234,-0.19841365124212565
0.6378633041645635,1.7677196972613063,-0.7167736658660686,-0.43348589618105676,0.9052658638616664,0.3006995172668794
0.1959196514435164,1.146721145251645,-0.09828772477220693,-0.16419825701503818,0.5270156165232016,0.8095846894002378
1.5762714681958727,-0.9821170310906709,-1.2960269296273232,0.4474643984809356,-0.44600701094246564,-0.3980745655613828
1.1361861027301516,-1.2239546446454699,-0.5858243073869047,-1.4477867517734722,0.490905326287664,0.41288316562488875
0.7082196004833045,0.14854774112348074,-0.9999661679064696,1.5233611946394698,0.8313191166450791,0.24809275827862146
0.8725908210668595,-0.20747006434717694,-0.16297737186642652,-1.1498424762287882,-0.8711828265614445,0.2838126434237366
2.1483845140565303,-1.198728550109348,-0.3380009464681718,-0.06657598267162396,-1.581625219496228,-0.7064438119736479
1.5054819998438977,-1.0481397778017267,-1.2238246232543946,0.47117463802216875,-0.4749642547175173,-0.39022761185724036
1.2360440112233728,1.1231455690154246,0.9213765641348236,1.462237105974777,-0.019506158798282002,0.1561310172619107
0.7448800649064173,-1.6379758187188305,-0.8875054480394964,-1.4993425142842378,-1.3009271260102802,0.2601956104585245
1.0234876353575626,-0.6490032135263105,-0.18910630103137485,1.3068353295935644,1.6145844062568804,0.509797560612122
0.6362019890961312,-0.6142852917794323,-1.1957484144580515,-1.1603306377509799,-0.3826760536322311,0.20601984837726384
0.9840249370593422,-1.2735207105925068,0.918749400484485,-1.2525725923665154,-0.24543006122144648,0.7407628159339714
1.988685847315031,-0.3228262133688429,0.22648541736758532,0.5588276437702008,0.8063623633906117,-0.230150585655597
0.5317363617273408,1.8007569672011163,0.7089845115549929,-0.2767270761636327,0.2252748226913465,0.5361086904311435
1.6828002567995215,1.0892692979330834,-0.0004130255777067957,-1.5375569859290148,-0.7894937310459791,-0.4832947946975279
2.2926195010287307,-2.532736425063078,1.0069293718461936,0.21742882232513594,2.7073721746004886,0.4982453492097938
1.0430498488842366,2.521619859385791,-0.00850123235029087,-0.5896709407494447,0.6651565310839226,-0.05791560328316851
0.014567649053977732,2.362388394085658,0.14229918430823077,0.03507405979496695,-0.6856073276130897,0.40165082549660724
0.7494953877708515,2.130632697556228,0.3850482661572395,-0.4232872574135487,0.43424301302180635,0.23274765999599215
0.6985811995322649,0.206677104174324,-1.044045992458936,1.4876121096387485,0.8908483166287613,0.10133742517320526
0.22935695043210533,-1.2262249581067302,0.1461615682734216,-0.6779369015436092,0.8164070719630429,1.0672834319374769
-0.26418689159879927,0.5091665118868828,-0.8851362192004294,-0.08692847323389638,0.9031220423155258,0.8052336718205348
0.5627059932466341,1.8920559072255727,0.6272645360684832,-0.32334567665764796,0.29696674617320995,0.3952122871290689
0.4811163958212097,1.7774100207007122,0.7414465559627342,-0.27363103558084484,0.22713593127995496,0.4891603189075352
0.29859668133956835,0.1355092574833564,-1.2219940471583022,-0.7095755154483369,0.3848267006197919,0.31021130922158463
1.4619712557350457,0.14929534896694363,0.474486893595558,1.1317489204233255,1.4007140544990375,0.1181036216551245
1.7056463582738435,-0.7832472968115575,-0.7505942724994992,0.569827926175707,1.2662382405947878,-0.28053546034194426
2.2518750843264876,-0.9696901819577791,-0.5499958739223403,-0.1781944625200531,-1.4139749027382922,-1.0097727869517685
2.0190989839146933,3.940900318323216,-1.4128296049452127,-1.2121508003830999,1.545722060412657,-1.28704337468581
0.5662923260484066,1.920986185452926,0.6030560928931399,-0.3394049250809555,0.32262904740887527,0.3384648401123912
1.4400309000264486,-1.0325994123034996,-1.2185805976491872,0.4486226611940891,-0.4293147140502781,-0.5516430916538232
0.76951659218558,-0.23046140159340775,-0.11659467746797725,-1.1577941145859103,-0.8441784274132684,0.1341483609091491
2.145040370916423,1.812849374681585,-0.7067906177532354,-1.8622211923284264,-0.32383438320146096,-1.1786662061576643
-0.5638045426463775,0.11682691845460054,-0.48885832690475445,0.07898746666922768,0.6737970183209493,1.0870931537753084
1.400511864033523,-1.8616998055536218,-0.6297316750265533,-1.978756792992767,-0.1359803336115202,-0.08049005225614016
0.3378805799602847,-0.9259633940709114,-0.8646098737380012,-1.04098874317235,-0.5363352971394909,0.3127477092817195
0.2698892487724311,-1.0215016328416286,-0.7694581904927918,-0.9995598756083471,-0.5945276428838704,0.39103773576377465
0.5168640971478913,1.8778119740680008,0.651120876747752,-0.32454843730885147,0.30517658735876924,0.3375003191824591
1.7496569353256621,-1.7261454022916483,-1.2299368148301657,-0.04057998474319181,-1.1303929985855157,-0.8340887990797752
2.043561957293871,-0.015773121755579808,1.3885460250956738,0.5897351540774538,0.3093561069382805,-0.28536749144033774
0.6909576234134589,-0.3954433944314323,0.7774031905969837,-0.8671091256856088,0.6223221177582896,0.6489708839765805
0.2836742812523814,-0.9782406187986682,-0.807939386154916,-1.021833454166255,-0.5601364897865481,0.32254678477478876
0.389888397444747,1.7208934972266952,0.8115487513045198,-0.25966547950476265,0.21683431637038178,0.43635301758058487
1.7055559531747475,-1.7761685743482059,-1.1778136502273207,-0.020645123349143524,-1.1568416813451392,-0.809616754712727
1.8700184151113122,-0.34025381989712594,0.2726223902555009,0.5444222413198359,0.8460026286939331,-0.42237032455956763
2.5075772196792236,0.5735321932949601,-0.6340127844281502,0.14553575412347908,1.4086203830088229,-1.195964032098266
2.132132700328794,-2.493410174131803,0.27860090315414876,-0.04969065979553895,1.2350943442401574,-0.2043604022058216
0.6607350568636841,-0.3901288693006213,0.7813197300311626,-0.8764417453720218,0.6416409300702115,0.5785355045083557
0.6681841639794235,-1.554617862994619,-0.9336878844121661,-1.5636017569464922,-1.1858268520287454,-0.0724344246277112
0.15977071982593732,2.5992774520690958,-1.5108501500154392,-0.27036088278862314,0.23116365925265575,-0.35231437346596134
1.1267318346777417,-0.10232537849742293,0.027179124552331364,0.9974713131900218,-0.26405724219767546,-0.28330561501812696
0.47442354106313056,-0.6624268176630261,-1.113265817267668,-1.165809893435677,-0.3516925538053937,-0.0023311807601152923
1.0572776476108303,-0.4103956197996841,-0.38991022267751013,1.1752541771398055,1.8242472420730311,0.049946232492547066
-0.15856108132669566,-0.3874127947902655,-0.6781638763591162,-0.5003875454614035,0.1065191909092688,0.5735256341815567
0.9620891859476327,0.15575441754144928,1.6847949555136734,-0.9332866181258469,0.2539222534950511,0.47628688301172617
0.9381153710069261,-1.363352435555954,0.3199915988485599,-1.1966595994746132,2.038120236016642,0.6391150757205221
1.2310837965904087,-1.67372821524989,-0.30358921911067455,2.933603970228546,-0.30890781654207317,-0.37505738724741217
1.15451423885177,0.0710931804369196,1.3039144455902691,1.1003837298587547,-0.8746237684197392,-0.09685335277077185
1.1460299934223777,1.2236259264187173,0.8650481758915717,1.3852819292576621,0.11808467195704611,-0.24009043106677627
-0.3058821561686309,0.596312955823114,-0.9438408987357515,-0.14615389744372811,1.0052522365820895,0.5322754197795229
1.171317776217564,-1.2682806859071867,1.2072551404449319,0.9389420106952039,0.29883337246135844,0.26377274493387076
0.5945160728566364,2.0920449955497062,0.458015695023102,-0.4329093998546462,0.4710457474230817,0.016567628210407186
-0.10052259526567159,-0.7250587270403348,-0.079241794351255,1.8635345848440246,0.387654917076267,0.6005389214588054
1.364390419748041,-1.7930013142395778,-0.6751283027233271,-2.0261170853959207,-0.05393174229997479,-0.3019867162862945
0.3898079095630733,-0.7335428835487886,-1.0332279312373212,-1.141999419070888,-0.3789276180889751,-0.01013453904269632
1.4417875303378727,-0.986772863995636,-0.5156587209347602,0.6334858743595678,1.1985568798308333,-0.3450349769099533
-0.3469254171259203,0.5720881885742468,-0.9132674537826022,-0.14056878746174647,1.0017541440702042,0.5058704868977665
1.271773712179069,0.17315347775680195,-0.23337077938298653,0.867471554481194,-0.07214045564553073,-0.6081707583702186
0.4381741906087454,0.05817282694144386,-0.8542390705677051,1.5200313681875037,0.8735662477150411,-0.07763432854090357
0.5133933910371613,2.0377825247468873,0.5235705673846467,-0.4181642713906107,0.45809664240094256,-0.021566704242563635
0.2893715404156965,1.367949575171716,0.7254941173381513,1.869257890423508,-1.0268774971981698,-0.11518052782247393
0.1224384829553369,-1.1375524772517085,0.10389567133493112,-0.7515287638922765,0.9508261582564997,0.6642180173830163
1.3709569313177659,-1.014627915838438,-0.474102030566538,0.6350227701664494,1.2057129686445742,-0.4213292861815201
0.23829457612103833,-0.17729589028956588,-0.6109739955354201,1.615462553577789,0.7454198889998926,0.05254720263285655
0.5504063056483834,2.0031931796254336,-0.8822226915542919,-0.5883061501664505,1.1693057841126981,-0.38786465796681563
1.02010090365996,1.6092207440494104,0.24599989829910232,-1.0205167307409462,-0.085600181449819,-0.5046370156201883
0.7352526556804253,-0.7434354225165059,-0.03519402232817778,1.302102272843283,1.6615970195294616,0.15765912981943442
-0.12425234903218144,-0.10926002040514449,0.5126801155506481,-0.4569478027160398,-0.40809025013073713,0.5419914614076377
2.649992168562425,1.0035907673255213,0.4055400311217314,0.1231035974420785,0.9865367717023795,-1.3519793469786525
0.6155671540613211,2.2052432491917804,0.3613921835037502,-0.494295377781722,0.5681378449659578,-0.19183468965822112
-0.531206267398725,0.37526177706574765,-0.7052649879977599,-0.0643541329738474,0.9027734227758143,0.5812579750620568
0.3655850634907041,1.8611473859991132,0.7054772409340831,-0.34613705882863405,0.36096129867553683,0.080226999021764
0.9836765756931486,-0.06145072415946487,1.4566435802255513,1.1420464977548794,-0.9191723636562881,-0.13691929152016954
1.3140705648113837,0.3028160844534754,1.8147849472792081,1.2099065335055874,0.8544160033943844,0.006979868941182235
0.4435686495075848,0.7005609564747522,-0.29156186905339265,-0.8098727493980169,0.08919217880905221,-0.13814673256381027
-0.5833127906431298,-0.8289629798114985,-0.20846916441291563,-0.33175642296612257,-0.11016340951436561,0.7205985030898957
0.13100996325492775,1.4497134502464075,-0.32407521524286037,-0.35356817269530394,0.8442425559281871,0.016131111954807285
0.19785863892399655,-1.3507871268024998,-0.14202447351011066,1.3326246730725688,-0.24397263414467507,0.1468786587432009
-0.6631092216676677,-0.9291437272226825,-0.10639136610633572,-0.2900714061009729,-0.16716307378978812,0.7861728113600228
0.2354547714036375,1.5979181557732265,-2.6351596379215025,-0.8270386321176247,0.11105769208402586,-0.9258419093707367
-0.5611075539167982,0.3786386567615306,-0.6998791210784987,-0.07249511649356982,0.9201079284216136,0.5157144400306791
-0.7418272313005659,0.23663265658857632,-1.2770796207781576,-0.2384925634076379,-0.7140809360172016,0.17316074846251842
-1.54741645178635,0.28105623612812386,-0.6100178339333147,0.5251652056566491,-0.39230140751903914,0.9214577578223232
1.3544400870956375,0.8862495376391997,0.9917913342555995,-1.276411144457167,0.7591733711385792,-0.37012786195440245
0.625513270584535,0.9054592637712243,-1.9289666226161386,-1.0891362514839336,0.9583345620146441,-0.750256136167497
-0.4963290230459578,0.4935533498825288,-0.8097240791745305,-0.12584034572447966,0.9981433408272202,0.38850596918015184
-1.3352648218560095,0.5815508777216432,-0.9088361715596767,0.3945083583524497,-0.20846602040173134,0.6719095806290537
0.6179999293416504,0.4398665728680411,-1.2095226361732523,1.3355392992505979,1.1494766103443685,-0.5688350049286132
2.513934308941858,-0.7234628210593018,1.6884544392890755,2.2978170879369326,0.14676527334251357,-1.0536991437416148
-0.3319431919849119,0.7484315628026277,-1.058966253224794,-0.23987886593665386,1.1614305397483422,0.14660260953341367
0.4818525245111486,-0.7886830593498267,0.753123729293914,1.2627720373087024,-0.6081417579010152,-0.02483056354547138
-0.2125396935981287,-0.2362971708384925,-0.784922656722329,-0.5993000219874397,0.27495196490911805,0.1358104718173807
-0.15529312010281202,-0.035811497812178496,0.46209219751179176,-0.5060164796819835,-0.3239525012832083,0.31990633996058665
-0.4653740624957536,-0.5796227359211519,-0.44068382455669114,-0.4521785371719025,0.06985278071425069,0.4006328974843384
-0.5376148518828479,-0.6811321146150389,-0.33958516110865616,-0.4081603653851495,0.008023413360847853,0.48381605062152194
-1.1267973437600884,1.0303614902521747,0.09776565735045516,0.3748381070981587,-0.6440544531188664,0.602952171443235
0.21516061127083747,-0.8878090234671555,-0.12181339611151476,-0.8773967603292162,1.1431492447536433,0.2943617531693674
-0.8478106294583401,0.04744969682170137,-0.3562158364067366,0.060578433829020686,0.7425033194969506,0.6879909648396374
0.13716210039885296,1.6524654973023094,0.9349572553170641,-0.272160886681038,0.2716452272103159,0.09594526857739309
-1.203686696802931,0.8118310744978793,-1.1294355523477881,0.28797381436822067,-0.05292469361303136,0.4204272327027951
-0.7237411210095968,-0.942668043249877,-0.0791074282248951,-0.2947488404286917,-0.1512781331143902,0.6981349981161479
-0.30390932189369096,-1.517194444668836,-0.21590884215971487,-0.8302916885898165,-0.7919228817376813,0.3677174161957187
-0.5163528899175545,0.5131986108289474,-0.8200802922271326,-0.14138729554549326,1.026191005000799,0.3063270857396184
0.28094909489207365,0.6900538464742384,1.1844716753577944,-0.6395025325323112,-0.6052604451351545,0.08338519417410772
1.2590190649984347,3.2288464370191416,-0.6350455182288928,-0.9557372014870845,1.2318189319925725,-1.1958401683765167
1.4624562072348828,-0.5432354783136479,1.9695920732812717,0.7759423967308015,0.08537325622770749,-0.25291770710446054
0.5803350367684077,-0.8392746668254089,0.08374183054474325,1.325740146003713,1.6442297550475482,0.06769099249741388
-1.4602605889158877,0.46325090628283067,-0.7799633776036634,0.43737388689977763,-0.26122445682383977,0.6895556098262657
-0.12184574472380302,-1.2374762896683507,-0.4898904538537329,-0.9551017143686312,-0.613505672923021,0.1054586496636461
0.07275710201277176,1.5858575367589447,1.0059004953869302,-0.24679126754034264,0.23911518270160206,0.11748784804277065
0.6374104365588056,1.2148275839216138,0.6664259961398146,-0.8705776036127933,-0.2775798694861615,-0.3796874902844362
-1.3913259829669964,0.5720600561825903,-0.8860298863959795,0.3884332559686713,-0.19092836478343267,0.5838704851668975
-0.07414375880202678,0.005952186443696912,-1.0169822917362696,-0.7113762332325795,0.4385877946671005,-0.12878417332634098
2.218554333091527,-0.14482809961810758,0.6168074107043472,-2.4109542620846924,-0.42211441127790833,-1.2432798449879927
0.7011711795660723,-1.790932105112579,0.33083415587341014,0.9474098382119178,0.7883480353918312,-0.013154050082402394
0.052944976978556844,2.846351180251282,-0.25681939479853866,-0.23804229781242373,-0.24608995848270004,-0.5896615606079989
0.16278858398143053,0.4613129920505128,-0.023350846378922995,-0.7289672539695119,-0.004268129500859279,-0.1568529947312232
0.23550170121794323,3.1028713513506583,-0.5123016643119263,-0.3492788072217712,-0.08984351015904209,-0.799870281712317
-0.04998406434623554,2.8145982910859124,1.2201129311819752,-0.04299743088020886,-0.9888632040875733,-0.20534279639178055
0.4343422492525688,-1.5726194809682412,-0.855896952305137,-1.601477907747976,-1.092260362160661,-0.487204876606043
-0.8678699865191064,1.4658668964473507,-0.32216331602058856,0.17544499521962642,-0.3546654874448864,0.14695123373370084
0.047619214332996714,0.43386240396942244,1.4534408886820676,-0.5389506432474632,-0.7371840626504801,0.19420404819465292
2.1032470419988263,0.3159684416037649,-0.31762900658375787,0.21154248873873271,1.356269565922877,-1.4144222426728443
-0.9073787783777184,0.13540748618881246,-1.1509377213993484,-0.2139247656239205,-0.7315124213744757,0.07439011203439168
-0.9849327763866041,-0.07355513782254992,-0.22188625487443484,0.10250847551080478,0.6929218712099214,0.6880294313880744
-0.6678444825711368,-0.7805064422378101,-0.22449617740741673,-0.3773671129823193,-0.024362458377520026,0.4496090416754661
-1.0323399419757218,-0.11627853867323512,-0.1747309356158711,0.11752087776049942,0.6749399131373026,0.6899995042329382
0.9308710238030931,0.06742229827890539,1.367432625210517,1.0562932489226704,-0.7723284266899976,-0.5233673087214118
0.01341120952494274,0.2991967537356423,0.14731901794248567,-0.66569578325001,-0.08693140310596172,-0.09008510278964654
-1.3576345812548678,-0.47337997937837145,-0.5400086789129183,0.046553676942491094,-1.0942840279825414,0.5402285917854323
-0.46292721424653854,-0.4806208147966161,-0.5208660526901516,-0.5091654790414314,0.16231832515164543,0.1873438640519875
0.8419841642022249,-1.540508236215651,0.0915540401432705,0.8310860555930161,0.9585711340405564,-0.291055435291511
-0.28225769802102996,-0.10431790177256872,0.5515034105526058,-0.4924741118691514,-0.3286917651197881,0.224060039561006
-0.30945423049617127,-0.14253319728085553,0.5895640838506897,-0.47590256484355,-0.3519687034175398,0.255376050153828
-0.39563601821389843,1.023257154396264,1.5846436737265455,-0.016883301529151757,-0.07140126714082884,0.4463572479986518
-0.7160081566789129,-0.8123473879287207,-0.18587689161482887,-0.36883075241062796,-0.03169547879772066,0.426141267005068
-0.9012845341658136,-1.0726890885789246,0.0734114452283669,-0.25593708829872036,-0.19026962095115396,0.6394815891686683
-0.4304445656899285,-0.41108678509170865,-0.5855139612447089,-0.54283199617944,0.21271237332867202,0.09732315578043649
0.30126045549251035,0.838049075967978,1.060099150567497,-0.7212487850135878,-0.474912206855775,-0.20309219183615237
-1.1613367049902639,-0.27364782604878063,-0.013393596463055565,0.18224792108699792,0.5871271401714284,0.785917608856268
2.5612635596153264,0.5308382293528431,1.4048390492004836,-2.5346198705122402,-0.7066596285611023,-1.5510013194515793
-0.7347562226409231,-0.03884117710371658,-0.7142913115609733,2.078790942331652,-0.3500473242333536,-0.035798589879879876
0.9033631285136726,-1.4303704550331888,-0.01353333379050087,0.7798122697403065,1.033696929158944,-0.41434940481793536
-0.3232795069169585,-1.4130124017115582,-0.29434306175810643,-0.8947959560687051,-0.6842408237445406,0.10062322283117325
-0.3959564115183049,-0.24019108542470305,0.6914316209752491,-0.4370685637445538,-0.403411260293177,0.3023628882258734
-0.09377942221977477,1.2383792057958867,-1.5170004529193863,-0.4751792021904002,1.5121233103324048,-0.4696522797582852
-1.2774646177455706,-0.3248924993895534,-0.6809881952456631,-0.02310695001287292,-0.9917789958102265,0.3689883921301551
0.667521988757659,0.11215180039622455,1.7995952550086851,-0.9688463007324959,0.35199734206431016,-0.00010490936419316748
-0.9480493935775435,1.424875336773575,-0.26752326920615016,0.1826783603165581,-0.3555108461709978,0.08142180310341662
0.04987929633983239,0.5087109588051414,1.3927095195616899,-0.5819497800718846,-0.6674712021615318,0.033747960454876776
-0.3775498468078731,0.8515837420725514,-1.1294676048771775,-0.30920758263324194,1.280546608823845,-0.16920789204199238
-0.30577451457320926,-0.10152623590909432,0.5556302111688053,-0.49895571578941106,-0.3149300602076513,0.17221213029086305
-0.8693307511033651,1.537876184779562,-0.37960642846378834,0.13332566560671416,-0.28587793757703417,-0.014482197118819616
-0.4570365498419452,-0.3116834805450584,0.7653976204880881,-0.40817526596401543,-0.44213276109405036,0.3411241446441783
-0.7603370357403393,-0.8483562314058416,-0.1449484840036076,-0.35708142970582407,-0.04478351291699803,0.41930499408898186
-1.6835113843815261,0.2928949160723657,-0.5826679769729678,0.490162319590344,-0.3167430940896129,0.6309150230615985
-0.7006765313328257,-0.743022242821529,-0.24571197995494004,-0.4059207133649229,0.026612205162935405,0.30325156979386614
-1.073210474818441,-0.002047733644176565,-0.9956195335009157,-0.1683752602725421,-0.7830729326544192,0.05486889414512734
-0.8876340154751848,-1.0033370628121194,0.014010063068077757,-0.29339010806842597,-0.13114147723926267,0.5132658480502603
-0.24770262042725877,1.2812972017352364,1.3373177171569681,-0.13615833473776293,0.10265675941621104,0.16551870457818468
-0.1784252823853055,0.10369897350984535,0.35630061858587253,-0.5918142836837141,-0.18108242132237123,-0.032306459492412586
-0.010888321358922547,-1.028649521617959,0.05253262764689998,-0.8423269556614199,1.1168657094571979,0.16527809362678772
-0.722340374191749,-0.7615177960837499,-0.22498887082301444,-0.39965737826699577,0.019366996498957265,0.3018879054218363
1.0178932596115287,-0.9896779050985384,0.28482416977578934,0.5343288629052898,-0.9505087851987002,-0.9520967621828227
-0.009644964741529745,-2.2770096403070625,1.3105357355119822,-0.8619599027124994,1.6223267690149488,0.8096202715182079
-0.4027247442453927,1.0849692014010097,1.536995661052384,-0.05418596906352287,-0.00968985419173263,0.29666603890015825
0.4554226112803763,-0.13809846318463279,2.0580425471237995,-0.8673566996852012,0.21565162951001782,0.13888553200707937
0.23195279072714203,-0.6730859894332086,-0.2988293969463476,-0.9986206958919742,1.3382639941336991,-0.14591706832969406
-1.6719566354992466,0.3521347847894045,-0.633379550931976,0.4581485073610906,-0.2661865259345871,0.5228978664454246
-1.2509937933973905,1.058919361981292,0.10846396974289055,0.33258516920815284,-0.5583124791841741,0.29870868204815054
-0.23792295869837377,2.4824391196649773,-1.3092961106107306,-0.28470495749548913,0.3087534724070756,-0.8678127125344711
-0.11071853647247958,0.3523300951561106,1.5618115177148961,-0.5243279985760088,-0.7394042781252157,0.0660797807088805
-1.290394531165723,0.9050116606952996,-1.180796095246759,0.21594109679545972,0.07619941245529266,0.046707755896292724
-0.8654633822107282,0.33765062718414446,-1.32473388542497,-0.3227089164329652,-0.5600809102371701,-0.28958157801029066
-0.8816483331255882,1.7003408875940795,0.9167875119801919,0.23431142889032505,-0.8878388100149553,0.118170034069466
-1.0458689396103316,-1.1802886087960647,0.19899473211267185,-0.22333410406109291,-0.2236450241859791,0.5954947380037616
-0.14351254784336867,-1.176781392352604,0.20743279397035222,-0.783714007645966,1.0395039678444509,0.23380238229108588
-0.6882721446967129,1.8615749709533849,-0.6886416386177592,-0.017232612406524087,-0.06539447617521313,-0.375557759937143
-0.29532123850320924,-0.11370861521986594,-0.8609674012128693,-0.6875991323213277,0.4300293339418293,-0.29504790213820953
-1.3768786684048986,-0.4690081226369115,0.20189776990595193,0.2511501694064545,0.5043170776079503,0.7973273625188215
-0.5009016322252762,-0.3906351043568769,-0.582858988902652,-0.5692707104627728,0.26537383003930554,-0.08463704487628014
-0.5790916630913077,-0.5005040789432016,-0.47343455317066097,-0.5216275127641696,0.1984526324332694,0.005396485578083341
-0.6723882234805589,2.018274338102852,0.6047452269880906,0.09292985608590916,-0.6861446629025431,-0.17540474305542855
1.2607504662791242,-2.442556091476524,0.5615498393210742,2.641370301517724,0.6365883147281501,-0.731612994831525
-0.9338364335639329,-0.9989748397294181,0.023019354161219703,-0.30547239624898476,-0.10516593148802902,0.41387469874820604
0.42306963661930014,-1.9881908451177361,0.5645934952133648,1.0044848352035112,0.7333287535004871,-0.11913317628480705
-1.2796099597886588,1.0545456599369627,0.11972714660248072,0.3292107303551932,-0.5489152002028658,0.25273252476416164
0.6360524815652514,-1.6889173121684646,0.2665308474477462,0.8747089075592724,0.9156162765447552,-0.364376684239845
-1.0405828235288626,-1.1489698745994443,0.17240749685619852,-0.24042907417350032,-0.19652791430670433,0.5367900403250327
0.5695386772255447,-0.4074485225795006,0.42316333106365783,1.0595033696909018,-0.28909041561987703,-0.6940718103926696
0.04390653834286974,-1.256531314220529,-0.17603676921620265,1.2460696028833826,-0.0820301380269447,-0.3598825743515457
-0.14993339472572736,1.487961645414931,1.1448433189783784,-0.23596624998509794,0.2518545972811677,-0.09965157579962133
0.4164935428696597,2.3943673803183896,1.6869524093111137,-0.4473898037159802,0.07970972713486295,-0.4808148277299784
-0.31750968731513074,-1.2973957311010045,-0.38877042435225573,-0.9607446716700775,-0.5776348009100644,-0.14280105970536255
-0.8374587216051506,-0.8635493862719269,-0.11185815683886484,-0.3641978160209588,-0.022678281395371473,0.3028985862098929
-0.28379482957657526,-1.1395320969661151,0.8988521042066954,-0.8475730480369977,-1.2057166999635802,0.08943804585118222
-1.0958111091499045,-0.06211966777251467,-0.20104199061141748,0.07295147167565921,0.7561732883708203,0.44737735523544114
0.6269453895203041,2.692473565942641,1.3905128637658817,-0.5770109293310797,0.2620903056085613,-0.7284057542611966
-0.4889253238425958,-0.2609283699997346,0.7332669923934583,-0.44424062971372286,-0.37905435125756703,0.16737157458526505
-0.26073970121039575,0.0692637675915481,0.40625275150054735,-0.5888296024089952,-0.1747179577057963,-0.1164246425390599
-0.027470286435490713,0.5075321325184929,1.4146050897348088,-0.5972517050762638,-0.6320053219995592,-0.1139667647073467
-0.39570249361828486,-0.1203796363683256,0.5951288427422882,-0.5065933002944495,-0.29022976400838896,0.038981060027819606
-0.13769970886358093,-1.1208316006733128,0.16091894128457004,-0.8150039271413001,1.0896647234008936,0.1218732887873716
-0.8636039252289749,0.2880579383213748,-0.5451979686987775,-0.0824123439316076,0.9775073521719607,0.1273796941728531
-1.0213774150641368,1.4436819789895325,-0.2627694362274802,0.15660159240018462,-0.30304729575965567,-0.10249436599706993
-1.2780970223378405,-0.2836174577531055,0.026236533333000585,0.16390566376960147,0.6329182317724094,0.5809783050855257
0.020389721790690485,-1.2537396483570546,-0.17190996860000318,1.2395879989631222,-0.06826843311480797,-0.4117304836216887
-0.9478867418533926,0.39204959754929675,0.07744663236680953,-0.1734562975403886,-1.2310809723711804,-0.05515744126845835
-1.4701046432075857,0.7122187436749416,-0.9772712821796601,0.2907580832272993,-0.021128593896196434,0.12209396184230165
1.2810429825114293,-0.6243358701010475,0.6603137840223249,0.5876665460395722,0.855897971901379,-0.9412393580097153
0.958201859593515,0.2969537593223134,1.1756681134726765,0.928647838887492,-0.5681938637195627,-0.9757810843251918
-1.1634289078529987,-0.10935117396559785,-0.1447920253923731,0.08640472914944766,0.7434863105233337,0.4200014903323466
0.714522063794649,-0.8429147165287767,2.0694229448440216,-1.3604572075622479,-0.47218920446238843,-0.2169250197887685
-0.01699143739374297,0.5580929177673261,1.3711560487284036,-0.624447742778525,-0.5891474442152329,-0.20495968721851737
0.7165860603418857,-0.030607996363177556,1.5042069179028552,1.0689335605549684,-0.7636913108666077,-0.7238765130277732
-0.0996943483997737,-0.12364173292088472,0.8610200333919164,1.7123277935369683,0.19457917226393637,-0.20802074538212456
0.0940016353333051,2.000944161879526,2.0902957571931524,-0.2855721953997346,-0.13982220527982253,-0.24101956617165365
-0.7264592012583446,-0.6418779909752648,-0.3199695043983074,-0.469986189686508,0.1344541612974721,0.030386692521972337
-0.37228291719345025,-1.4086478246207108,0.45562900362387476,-0.6963458485366082,0.9284273657638445,0.2999076753208662
-0.6934805945263737,-0.6895526354120078,0.44959776209986996,-0.22437180960456435,1.6591391867035974,0.5035964824191717
-0.03250182612513754,0.44970028319549293,0.03886746509638902,-0.7625858213611724,0.07710811040898986,-0.5107785954853818
0.12945600105482533,-1.0646484168906818,-0.3533289503119623,1.152320103293057,0.05896834599886822,-0.6162439445318392
-0.823300156640441,-0.7719816396513327,-0.18924107052715466,-0.41444700466908085,0.0572182395988434,0.12874174383575726
-1.338955852276487,-0.23211512308634,-0.7388543308419636,-0.08969378535447417,-0.8749617860104295,0.04515957393174444
1.2408132362775233,2.0167914145699455,1.625849291639873,1.1421409324373344,0.061905112414353036,-1.2883812485519697
-0.05079041952786802,-0.9270379385680507,-0.018276273476093587,-0.9095820040829055,1.2318270543415941,-0.1360538819225631
-1.0066899846052655,-1.005781518043452,0.048217615221828575,-0.31657686729138046,-0.07714840996253418,0.2872918696447313
-1.5508282195705532,0.7690061700093617,0.4225304435309885,0.438974980430776,-0.6906738473865971,0.35456084792208276
-1.0989666750266989,1.5144299725841623,1.1249701201319016,0.29735906854523825,-0.9608728201121812,0.10531629061398859
0.15677466058913195,2.0144971850384255,0.6388573083226051,-0.4783473742035393,0.6047308889246594,-0.663288477739169
-0.18503099822931943,-1.5826472823261024,0.8881131525175369,1.5992487150121348,1.3032095167481899,0.21759889648543612
-1.4151659504992529,-0.30336559227017124,-0.6609849757107268,-0.06406801691263177,-0.9062991490501867,0.053986435185194234
0.4057224036172582,-1.9050571756892265,0.5025177049225866,0.9526219345738997,0.8201493787818743,-0.3359388498174444
1.286924887509207,-1.9193289757172065,0.5309652382878538,0.3981946495802242,2.076489604741409,-0.6995820451007655
-0.3663156641376984,0.9363726680165066,1.2497228350484901,1.9843679023696386,-1.1249132299754985,-0.438842657644324
-0.3211505999893231,-0.018602704945806053,-0.9303622109029659,-0.7481676573816359,0.5321831190892544,-0.5547045429869595
-1.7992089176203456,0.3333950676478228,-0.5838636249861835,0.44273077325483784,-0.22372707693687327,0.3168852803562572
-1.8383039330533613,0.27846058035466037,-0.5291514071201879,0.46655237210413947,-0.2571876757398916,0.3619020455834389
-1.194329270769331,-1.245552536358741,0.29162328117363717,-0.2161174256909297,-0.21515208113293532,0.4507351221088339
-1.6979165051195335,-0.688727982411946,-0.2748794029171968,0.10128216963106641,-1.1370029653725813,0.3532564725042562
-0.9714503295526654,-0.9275952855299522,-0.024126532465153415,-0.35469810014097036,-0.01987613116604337,0.183572971175383
-1.106426218597429,-0.312628789745111,-0.39372174586460595,2.1609693971267334,-0.43318635103487557,-0.15505752956376576
-0.7377506939284851,-0.5800987423214852,-0.36653325162291406,-0.5081965042594059,0.19821672362465637,-0.12761962634453633
-1.1442211542074585,0.2236788534138934,0.2658576482190456,-0.11625770430776275,-1.2974516972618715,-0.06586462008708532
-1.901009148159746,0.21424107578056378,-0.46058695913145165,0.49088626955573483,-0.2882629116049957,0.38148737438676494
-0.7970515887238097,1.9864487941099265,0.664070686913232,0.08564643080867133,-0.6572843988389664,-0.3475658682190758
-0.6466569811058507,-1.6165525281968616,-0.043276277067145874,-0.843430777748577,-0.7237880166727084,-0.07950493022422898
-0.7226602298736784,1.980490959620477,-0.7748430180056024,-0.09339709225117292,0.06332332994811228,-0.7042861158820884
0.14322864680461944,2.045633915296944,0.6175165994604,-0.49922884694764375,0.640582094338799,-0.7581882082647549
0.7296752344050832,-1.4011265989478667,2.173775477645162,1.1359232820860974,1.9674356953786394,0.0022492688491555263
0.5122892039611845,0.024835262409533952,0.48821935550765444,-1.1481013606924928,1.1042622414710859,-0.6238603683508143
-1.9315118640730906,0.18332555147814972,-0.42749413117764856,0.5025353574369825,-0.30307312521574326,0.39030141345740227
-1.0278130920885824,0.31115357618789163,0.904275958482029,0.06811545922444737,0.31558346464245285,0.2718151781001654
-1.8464293169670836,0.31482503308595444,-0.556159164740702,0.4437553704594254,-0.21895635106104605,0.26602240750854605
-0.9789184824338959,0.2693689021594232,-0.49895586521985164,-0.09539223849889586,1.014369063775389,-0.055546309632076636
-1.8447295336873872,0.31721348905522245,-0.558537956821832,0.4427196487703253,-0.21750154241743658,0.2640651568464947
-1.923939434521237,0.20591144088733684,-0.4476862458411632,0.49098427948238865,-0.28529562520963836,0.35527303769808893
-1.0489455479022363,-0.991095172973671,0.04786551272575455,-0.3338388763658908,-0.043276267541309414,0.17283245468144395
-1.6087809378412983,0.6511465142184928,-0.8906593835840173,0.29756269781872485,-0.013298834289596191,-0.012884529615494278
-1.9262257479916218,0.21464428567477034,-0.4540813664341221,0.48544038732457506,-0.27595601533646846,0.3315967157786733
-1.9262257479916218,0.21464428567477034,-0.4540813664341221,0.48544038732457506,-0.27595601533646846,0.3315967157786733
-1.5845693087726582,0.6947239354976239,-0.9322185747412999,0.27726032781546095,0.01646052202903687,-0.061810667293653865
-1.9313250978307106,0.20747891776696653,-0.44694499019073125,0.4885475523918753,-0.280320441267297,0.3374684677648274
-1.1009392633046948,1.6072219081886012,1.0509727514093792,0.24306500306736967,-0.8721897781481707,-0.10288389109702871
-0.9906448701184798,-0.8876719491647725,-0.05099494956067372,-0.3818495826737098,0.026955603623736547,0.0583448309159693
-1.0569364180266367,-0.9808217319662219,0.041777941603405304,-0.34145643679880694,-0.02978193347703323,0.13467760673597295
-1.6184862622144844,-0.5054435265714633,-0.4436079325208874,0.011261268121501614,-1.0012417924637622,0.10394120470734748
-1.0940608200336055,-0.23552618223819324,-0.4590004379652244,2.118749832690265,-0.3661209806584937,-0.30084064842956293
-0.5843966662710555,-0.31683097250973774,-0.6195262569508007,-0.6293870663686267,0.37465486944640225,-0.4094380773143102
0.6904167421998325,0.06402022271702874,1.4352878666289846,1.0085721798324803,-0.6618284874479043,-0.9831417037441131
-0.25206140566495167,-1.4812841785318807,0.0846449728769282,1.3154184581150372,-0.15460017907103302,-0.44002727403315356
-0.7858356558841603,-1.7643380306961245,0.11312083476748125,-0.7863736371636757,-0.797722438416154,-0.02448054225496074
-0.7011901107197005,0.9068780311484176,1.7608745457559627,-0.012450777555122989,-0.036952433638219664,0.10889947938963056
-1.7985552357720167,0.4179318496586819,-0.6519416315319723,0.3937734555969627,-0.14409268311731108,0.13196997043224504
-1.8835443997568337,0.2985090511952855,-0.5330020274754605,0.44555954005196624,-0.2168331152977849,0.22983250353481405
-1.0822464009797022,-0.9924952052164239,0.05800896380727644,-0.3399084165074131,-0.028851379182729075,0.11120342097416885
1.2640518355879344,-0.3704854246040371,1.8845713371722834,0.634616618043364,0.34256771599253716,-1.018939002042422
-1.808660552329005,0.41567779698748286,-0.6473943085517324,0.39299388320900963,-0.14144519300474476,0.11729700155826582
-1.9548419143828897,0.2102705836304408,-0.44281818957453184,0.48206594847161555,-0.26655873635515986,0.2856205584946844
-0.6733921488492882,0.9793857306549018,1.6951069114233372,-0.048812395981694345,0.01846922391607874,0.003225894694793369
-0.9171806566067778,-0.736661609908618,-0.19218472707543938,-0.4543612253952271,0.1350177431958368,-0.1314828389373897
-1.017467870108862,-0.8775805120954258,-0.051835994288755315,-0.39325364573832294,0.049184033222877434,-0.016005049876358313
-0.32503471338439605,-1.169047607856554,0.25038288958850957,-0.8257219207193371,1.1326641577675367,-0.13597694882568898
-0.41401717639119257,-1.6610749910193345,0.27291789859870075,1.3863542693338793,-0.24802903663884565,-0.3587757271923963
-1.1218345634822169,-1.0242317086084762,0.0942218394926414,-0.3296603340275787,-0.040141217494744565,0.10417014077359635
-0.9596752385991862,-0.796373009140316,-0.13271492504718332,-0.42846818316772534,0.09864752710559974,-0.08255157238610525
-0.800900809306459,0.5911838042174461,-0.8056543355290965,-0.24548499797626488,1.234509138013558,-0.4183821158279654
-1.4712953348186946,-0.3508232300618255,0.13254126126866936,0.16300363620480307,0.6607326089739791,0.3535575452850986
0.9293473929844225,-1.824843011875201,2.37223450093917,-1.477436131881218,2.5310079928306615,0.045388772786358014
-1.6125996034650396,0.8255534968793502,0.39384059645431163,0.3933698526568355,-0.60798566350947,0.10998144826253455
-1.2284485822536673,1.365344545933902,-0.14376641388112196,0.15929675092021942,-0.27919891005372743,-0.33235720136107705
-0.7451034399009407,-0.3843776598753186,0.9018041260795108,-0.42549734725489324,-0.3746427322678673,-0.058563937271826835
-0.9819800066976988,1.7116706614777515,-0.48869126564500626,0.009117106000709137,-0.06825165673035298,-0.616158547358527
-1.634356829445153,0.7949812604727207,0.42428913509277866,0.4066270902773163,-0.6266072141476712,0.13503425673679223
1.0642641806089752,2.3790392857002347,1.039263058455146,-1.260561686978486,-0.13991863240390395,-1.5998762046289898
-1.594301092844887,0.7407766154040585,-0.9665729697872248,0.2485051453372935,0.0646133800384959,-0.18214952755278271
0.13737956108591853,1.9096114992533422,-2.118747564312987,-0.8172033703595039,2.0375635092859907,-1.4987844812803264
-0.8070160234582173,-0.5794743264711745,-0.348275539833987,-0.5228747713534225,0.23156461169657575,-0.26359597640757654
-1.5527915491229285,-0.4533924334422775,0.23699785165637954,0.20572437475905306,0.6022781360549473,0.42108910421727724
-1.3371413290330434,1.224560047045163,-0.0012491501953279427,0.2185890365000703,-0.36093032127051083,-0.23350963183607637
-0.8584594213051538,-1.8066582216526028,0.16678174672337506,-0.7768071171451402,-0.8033975002202454,-0.07240112801818845
-1.9340709825417748,0.28723878783929,-0.51026541257426,0.44166167811220053,-0.20359566473495364,0.15646765916491814
-1.3476974317733728,1.3321616635265687,1.3387344221745812,0.35179909369610846,-1.015606383948011,0.023397243153722255
-1.4286139865839063,-0.2669584645413102,0.05362060022733099,0.1231227889321941,0.7198555090126625,0.2517933330412392
-0.8685647378621418,-1.8089122743238022,0.17132906970361492,-0.7775866895330936,-0.8007500101076792,-0.08707409689216783
-1.2144559643112574,-1.1304880382416886,0.20465302810926952,-0.2870977348478219,-0.09682108548737568,0.15820308122902668
-0.4656738001795509,-1.7097695317931887,0.32602019806009025,1.4039559758063245,-0.26964801632048846,-0.35191252769240444
-1.929292912734387,0.29634180118212183,-0.518871116302733,0.4373628768782095,-0.1972469321380024,0.14570406274191683
-0.49240547350246533,0.006538100994194099,0.5193772135120462,-0.6002837256539144,-0.12447462276919004,-0.42846507912531906
-0.7818047462650946,0.8748312811993881,1.808447886589507,-0.01050181796950388,-0.0291331613780351,0.022824045680931968
-2.0053684971678307,0.19900032027444553,-0.4200815746733312,0.4781680865318498,-0.2533212857923285,0.21225571412478864
0.17247374768470755,-0.20121193797820786,2.185367590570523,-0.8891847265478902,0.28978135266187427,-0.27195759646433726
0.120667367411714,-1.65944043715886,0.038997876410570904,-1.404776204307177,0.5593469066952805,-0.6014191820620387
-1.5089530673444,-0.255968879383048,-0.6736540617655532,-0.11097614016133169,-0.8171233034789703,-0.2326546204342403
-1.8267978696785259,0.4618648801919865,-0.6795801726985475,0.36242340665378886,-0.08919003623911005,-0.019672078236893615
-2.0018755474872485,0.2158539153573898,-0.4345645883421331,0.46910274063109614,-0.23903532653088658,0.18192473995439848
-1.4658224524948458,-0.2953511295763877,0.08650316699911352,0.1319208610472885,0.7106024028017002,0.24201990191379463
-1.1513772167201128,-1.0179618010899583,0.09718686209436837,-0.33940724238963177,-0.020240481725378838,0.032951861040550784
-1.367908064887349,1.3276535581841704,1.3478290681350615,0.3502399489202021,-1.0103114037228784,-0.005948694594236064
-1.6463207601743588,-0.5465898168837601,0.3371858001138364,0.2405157239252053,0.5583769932452183,0.4445966276543937
-1.3217907731767036,-1.2478625882920045,0.32799936422649817,-0.24111947899093758,-0.1570567151000309,0.20813092416727413
-1.595134855062127,0.9098214722940717,0.32142552811030306,0.3480431231530667,-0.5365558672022592,-0.04167342258941656
-0.34581508877465117,-1.1385198917503607,0.23149064306993086,-0.8477449122183541,1.1713607595935338,-0.24359367978148405
-2.2294597407241774,-0.08004581823569575,-0.13525730848376374,0.5939016419253984,-0.41122700082611047,0.3913633829767083
-0.6270358384432049,-1.521732671519794,0.6154553029904439,-0.683326875194846,0.9419662710503882,0.05391483194173183
-1.0933831479989684,0.25187409398210575,-0.45390315778149115,-0.10888999391073419,1.0519581797006226,-0.2394509387680323
-0.21358939602048826,-0.830287973850449,1.3716556806248998,-0.801535476906722,0.6388886229792302,-0.1510958604040012
-0.5230091017257892,-1.375559166200597,0.46987322762527345,-0.7467130425677702,1.0310005600392882,-0.06586890857581268
-1.9676931156509418,0.28777640103156527,-0.5015912889778203,0.43440050180398754,-0.18718646971025063,0.08994678102079595
-1.3339171530450893,-1.2505674514974432,0.3334561518027862,-0.24205496585648126,-0.1538797269649514,0.190523361518499
-0.7615263030016758,0.8286729051265902,0.41647923974721646,-0.1773839545458068,0.6790497167362095,-0.3505135993352991
-1.8996084013418983,0.39539132294669094,-0.6064684017295712,0.385977731717431,-0.11761778199164807,-0.014759718307546672
-1.9964960482845897,0.2592493326984189,-0.4708772531051478,0.44501386799613507,-0.2005418746773884,0.09680356942938195
-0.5650143140683548,-1.4154701812073882,0.5133065840268372,-0.7322173887141743,1.0131234528365303,-0.0595954487109983
-0.9759260064266309,-0.7236441036777276,-0.18673044028821117,-0.4740621864571534,0.17511017646329044,-0.2743108485358911
-1.8559414174599147,0.5791846848477434,0.6576317032522834,0.4861482670311769,-0.7258854489380059,0.17971086056281294
-1.0469031277482808,0.45156566857839525,0.7966654503640138,-0.017370515822101983,0.4573945485582635,-0.07452843380324226
-1.188398916388673,-1.0222010998362185,0.11061856985306835,-0.34459697531964456,-0.00674090398789463,-0.029654515779468715
-2.6393553405342924,0.6562117010015425,-0.8712573958548133,0.8264645064255863,-1.2077035226347033,0.08076578064036029
-0.7938724069657641,0.46401014712421207,0.3213745128458316,1.9724342375079833,-0.6079839436698059,-0.7437632660010568
-2.099902678982497,0.14978356800630094,-0.35494722467582696,0.4872111834635787,-0.2551561760148974,0.1369464412756538
-1.2738596857769116,1.5314787353603574,1.1586429266336504,0.2513118408843767,-0.862038876479018,-0.2720963180847865
-1.4584776916180109,-1.3778122326610023,0.4693956517396933,-0.19390503179784055,-0.21530279437335553,0.22871539379412553
-1.1525167012726703,-0.9478901581927752,0.041213077136250706,-0.3803349358358533,0.04656276147635079,-0.12358972537512247
-1.547473113081188,0.9260317580183776,-1.1280546510431544,0.15060163450605565,0.21765663315818354,-0.49916002389104425
0.5157689070224498,1.61728494193354,0.3761117522456956,-1.1294343753641403,0.1605377439207273,-1.5024501877820209
-1.8107103943055824,0.6666321343221605,0.5751428540892496,0.4447138372249179,-0.6645803359339082,0.07501077232587659
-0.9760605202159524,-0.6975530919538824,-0.2076506267863762,-0.4892416276689513,0.19984716707785943,-0.3320356386653131
-1.235905359463957,0.10655768943095185,-0.2985837194885283,-0.05395775146116469,0.981939945854492,-0.19636193318243353
-1.765258782987439,-0.6338007995259733,0.439446911701776,0.26657917966062084,0.5321534810612804,0.40554343588142455
-1.664043414370988,-0.4902636959698759,0.29674383394556225,0.2041429810141217,0.6200241853189533,0.28610291944979377
-1.094630686641805,-0.8546059720932571,-0.04939128312871869,-0.4225433757878092,0.10740259733329624,-0.2165527207311568
-2.110007995539485,0.14752951533510145,-0.3503999016955869,0.48643161107562544,-0.252508685902331,0.1222734724016745
-0.9737389960929338,1.8642070376526962,-0.6134422605629408,-0.07776097485964348,0.07209937486864045,-0.9360933797253346
-1.871944953260808,0.4939900341770202,-0.6931562225603616,0.33443667207906197,-0.03745913382278068,-0.17815809313180583
-1.3919993774674737,-1.2605090835707362,0.3571719015625316,-0.2482859827178504,-0.1358125733241394,0.09954967228154701
-2.1898044265640233,0.04734876792391763,-0.24832210338900704,0.5281166279407753,-0.3095083501777534,0.18784778067180197
-1.162750891140018,0.43655104467084754,0.09989456306178224,-0.24370709448963362,-1.087382561500722,-0.5707070690682176
-2.079225130262571,0.21467508907074137,-0.41266901816901375,0.45380081562671704,-0.2035694463689141,0.034210014792174885
-1.254130165569691,-1.0428907837712171,0.14503888397789977,-0.3461672445800633,0.004779610756674732,-0.11182057703718959
-0.5037275283105923,0.2325180929504169,1.7644852828976731,-0.5359769719943122,-0.6668420743480681,-0.4337656819363436
-2.253359533310256,-0.01806496463481279,-0.17856825935970577,0.5529683862369206,-0.3413109903646626,0.2084117348061535
-1.9533477844438525,0.40349751394097655,-0.5984250616791925,0.37016350811075815,-0.08453726476758935,-0.13704300704591474
-1.3414843551769935,-0.0011823947634513618,-0.18345143315635493,-0.013211558806912454,0.9299849300699803,-0.16424122461401006
-1.141944469109733,-0.8852526897995336,-0.011961393376695844,-0.41452487606066796,0.10079698123490025,-0.24099912073258067
0.45597070878270485,0.4270884815015919,3.027480663386595,-0.9975817834245962,-0.011553141224982138,-0.5904247162949886
-1.3689436162600137,1.2270640128041717,-1.4181988650730766,0.01268361089364329,0.4179012153001943,-0.8152290792284362
-0.15631614304386088,-0.6423010873710777,1.2051509179725046,-0.8988665596878267,0.7895753477150734,-0.45382483800069395
-1.814529403420055,-0.5491721483927258,-0.355389866704229,-0.003862436204789819,-0.949880484279976,-0.18071439144784815
-0.44274766945565147,0.23160597699564045,0.32515105561479807,-0.7207225265864631,0.0648798692385811,-0.82766086999552
-1.912366219488761,0.4849738234922236,-0.6749669306394009,0.33131838252724927,-0.026869173372515487,-0.23684996862772267
-0.8251989073873273,-0.30579661608964354,0.8603792738691014,-0.48768514653894723,-0.26245207557355177,-0.38727947103395993
-0.6464994065876627,-1.4296273117069247,0.5467465128985936,-0.7408372401511808,1.038271987069306,-0.1867628885765261
-0.8455963067436836,-0.3344580877208586,0.8889247788426642,-0.47525648626974626,-0.27990977929686534,-0.36379246308934327
-2.296517240700133,-0.05481722556232813,-0.13735992030396735,0.5653914842638652,-0.3556559268282579,0.20548868099588893
-1.264142099005489,-1.0330681532980077,0.1398607774515988,-0.3539407194905701,0.018803442843464174,-0.15291001875745616
-0.6751671925907087,-0.20546815994667028,-0.6843906786600287,-0.7128182847637444,0.5228946378541489,-0.831097373158259
-2.2589352423044335,0.021882172050383293,-0.209144205101915,0.5286178020585567,-0.3008974527204031,0.10959622073818386
-2.1586480288023497,0.16280107423719103,-0.34949293788859914,0.46751022240165246,-0.21506374274744383,-0.0058815683228475545
-1.755799391514318,0.7288651389536903,-0.9132666611164653,0.22204418208493565,0.12972590578800308,-0.4697499752290243
-0.3709477490344767,-1.018544078396703,0.14193133674241248,-0.9226119588304994,1.296703671282488,-0.5566704415214242
0.014935076048097302,-1.6348012576288162,0.04784304967692714,-1.4409373244708996,0.6326509207741192,-0.8611512466239698
-0.9065083554491818,-0.38421245318127856,0.9453850052437288,-0.45895221302980443,-0.2981538645441372,-0.37258085779435574
-0.7280311110810668,-0.13342457640814614,0.6956118367250538,-0.5677029903853119,-0.14539895696514182,-0.5780921773097506
-1.9745789460174488,0.5438808991997742,0.7181189411918977,0.4821301461957324,-0.7031642157316581,0.02692010586206829
-1.0270995851864324,-0.5417161438548933,1.1045538134974342,-0.39240987562625307,-0.390068936266187,-0.2600325336349956
-1.5918120685330335,-0.28125839696094673,0.10930570097922046,0.09769754736893645,0.7835132261185599,-0.033849863972951096
-1.660237995366564,0.9109254058103278,-1.085380735685924,0.13606815740511755,0.2567005577270263,-0.6850219036890511
-0.8178394755414036,-0.22378269334612105,0.7925115285053327,-0.533791448430669,-0.18837478915377476,-0.5536073107598898
-2.146282630238526,0.23990368174410887,-0.41477162998921724,0.4252906579651839,-0.14799837237106153,-0.15166468718864437
-2.16760651644151,0.22188581967574145,-0.39452427927351746,0.4313468487252913,-0.1549526193063177,-0.15341980169308447
-2.071413453779787,-0.8074025982918308,-0.07840368096114017,0.09300541016882002,-1.072592933672854,-0.11117685755893132
0.4585406871473581,-1.7797414873023742,-0.009208873408281564,2.8355002186760845,-0.0438049420725245,-1.6428301067613993
-1.8294081952057615,-0.567335500080823,0.4034348743112887,0.21472297375273197,0.6253453839101255,0.13449933732909222
-1.8923001765545262,-0.6557083709437364,0.49145018131310747,0.25304467624943455,0.5715174640965748,0.20691761182499321
-1.8823237333078973,0.7332409372622847,0.5410370212781584,0.3912316623715606,-0.5677228391056306,-0.21085379412014352
-1.6254342016422012,-0.2807207837686714,0.1179798245756601,0.09043637106072352,0.7999224211432631,-0.10037074211707323
-2.2969413474021634,0.0425396570433339,-0.21544328780081468,0.5087664887612959,-0.2633882886901545,-0.009756320880231926
-1.2025241159986038,-0.8485326278140665,-0.025048501006502518,-0.44836955664529216,0.1641715964733135,-0.4395946697984524
-2.3578328307735963,-0.026298555851212903,-0.1436602533973971,0.5361574338684134,-0.29968904023182247,0.02352591590261018
-2.244589911097344,0.1376032849597945,-0.3059779778032874,0.46438080836532736,-0.19824824777774175,-0.11739356732852674
-2.108607248721637,0.3286797625012287,-0.49628134429370646,0.38152307323732165,-0.08186355628898351,-0.27397362029263705
-0.5962379575188583,-0.2316101295398706,0.34201526468309057,1.4612899232715704,-1.2580600382045342,-1.239270226336124
-1.856231195196143,-0.5572440630114758,0.4025938295832072,0.20331891068811872,0.6475738135092663,0.06014945653676452
-1.8052376968052533,-0.485590383933438,0.33123006714930014,0.17224726001511664,0.6912180728175508,0.001431936675223182
-1.9418563920381058,-0.5775732120498346,-0.29809359715320355,-0.013685048292999713,-0.9165221088616409,-0.36559379925998586
-1.1830383042842938,-0.7638138418651049,-0.09837303394655944,-0.4935403716714701,0.23507189475801088,-0.5883149468756077
-1.4210079634417807,-1.098197677562615,0.2346578574116739,-0.3485393351974602,0.031398684652683743,-0.3142998541884146
-1.3954178311251457,-1.0502941548791875,0.189250546688179,-0.37106906305651477,0.06459715628104895,-0.3700750869654727
-1.9837504313625383,0.6623936779726599,0.6254119691067251,0.4114115485822433,-0.5867533058768604,-0.2519175914747854
-2.0245452300752502,0.6050707347102298,0.6825029790538509,0.4362688691206449,-0.621668713323488,-0.20494357558555223
-2.302009010122261,0.10470251458231884,-0.26400076507102443,0.4716197357045153,-0.20220637376357153,-0.1565129362039295
-1.6493069016879562,-0.14260541904693383,-0.7266966941206869,-0.20581698386331898,-0.643542338212364,-0.7550738588253979
-1.588100032649799,1.1078540216748487,-1.263093439145724,0.03661662628248558,0.40881325655240996,-0.9785582142655085
-2.2911883157147455,0.13424180696199714,-0.29065767058999453,0.45670200603612066,-0.17938946893976404,-0.20054338279039827
-1.5405625352968024,-1.2303537739627783,0.3731864106117317,-0.296502663683566,-0.03703629879911502,-0.2555631010526549
-0.09560769122529922,-2.095847760143017,0.7915391218613305,0.9598041842735464,0.8768174739283721,-0.8899565603799297
-2.3623345286370703,0.04382684836519736,-0.19876662599587058,0.4945036227913706,-0.23124487752762263,-0.13966775832747536
-2.308527993877476,0.13137874013847248,-0.2836618852661274,0.4547809148932548,-0.17389658241533998,-0.2279333520945864
-2.396823341300496,0.019255712880948513,-0.16969012655389631,0.5016445402039049,-0.2381702899088095,-0.15257279051420208
-2.6353795306486716,-0.30400682205985996,0.1545668521302476,0.6400659628310013,-0.43104908149735754,0.09580872959152387
-2.8035995239147864,0.7240600946234974,-0.8812715095675823,0.7531176688935537,-1.0658662203528533,-0.3878354756357906
-1.3167608846531649,-0.8800417645708206,0.03119896342348168,-0.4536817733678861,0.18840006375820084,-0.5921909816512735
-2.0951535726638078,-0.7974028895229859,0.6602000769702404,0.29340444867080007,0.5334565305541152,0.12479001711570951
-1.527747237276933,0.002279049647530312,-0.13578580561234135,-0.05371823165531433,1.021346924185804,-0.5338235484462984
-2.4779460231199697,-0.03500675792186945,-0.10413525419235138,0.5163896686679404,-0.25111939493094887,-0.19070712296717324
-1.63415344235043,-1.2662996151018806,0.42740593506212937,-0.2949713301189407,-0.026767442725655816,-0.35826747207910276
-1.0012127004153366,-1.6413626697873864,0.8128825417789527,-0.6911893459814523,1.0057943792926716,-0.40973559785663494
-2.0644061975760635,0.6685146228918841,0.6423396939355633,0.3911871644335108,-0.5428207010278838,-0.42213428815919346
-0.43928932374273016,-2.0684341426045108,1.2593666978770799,-1.0718826609919754,2.022759606176293,-0.48466508721315943
-1.8137701712711034,-1.44701584897783,0.6212053186226867,-0.22714824620965474,-0.11271910710292171,-0.30929773897938123
-2.4383673041665963,0.10422566578522537,-0.22668759939602293,0.4437143243296737,-0.13816988317272966,-0.4204434730521618
-2.1980353948237457,0.5643633833305772,0.7621862617990631,0.4240518602145413,-0.5781161900534705,-0.4524267957811468
-1.8439879840692108,1.1842888052199532,1.5919189327665366,0.335099615098614,-0.9207357986767372,-0.615350187801369
-2.155186151762383,-0.720374622493829,0.6145887667824236,0.23626494970004946,0.6346905109373124,-0.16151807216406142
-2.4837179419056685,0.08828293278955193,-0.2015998104397847,0.4435996276762512,-0.13179886778893188,-0.4734593216281296
-2.073448809610794,-0.5996678538700522,0.49549855890509925,0.1830611530858489,0.7101830219165534,-0.2685276106769314
-1.488738032364344,-0.9425140262700221,0.1279543131006463,-0.4529466989179827,0.21065471172338146,-0.7887985068163447
